date,tmax,tmin,tavg,city,year
2010-06-01,21.9,12.5,17.2,Los Angeles,2010
2010-06-02,25.3,12.3,18.8,Los Angeles,2010
2010-06-03,25.6,13.7,19.65,Los Angeles,2010
2010-06-04,27.1,15.7,21.4,Los Angeles,2010
2010-06-05,29.1,17.9,23.5,Los Angeles,2010
2010-06-06,29.1,16.9,23.0,Los Angeles,2010
2010-06-07,26.9,15.3,21.1,Los Angeles,2010
2010-06-08,25.5,14.5,20.0,Los Angeles,2010
2010-06-09,23.5,14.0,18.75,Los Angeles,2010
2010-06-10,24.0,14.1,19.05,Los Angeles,2010
2010-06-11,24.2,13.4,18.8,Los Angeles,2010
2010-06-12,23.7,13.9,18.8,Los Angeles,2010
2010-06-13,26.6,12.8,19.700000000000003,Los Angeles,2010
2010-06-14,30.9,14.1,22.5,Los Angeles,2010
2010-06-15,28.7,17.0,22.85,Los Angeles,2010
2010-06-16,24.7,13.0,18.85,Los Angeles,2010
2010-06-17,26.4,12.4,19.4,Los Angeles,2010
2010-06-18,25.6,13.4,19.5,Los Angeles,2010
2010-06-19,26.2,12.2,19.2,Los Angeles,2010
2010-06-20,26.1,12.5,19.3,Los Angeles,2010
2010-06-21,23.3,12.6,17.95,Los Angeles,2010
2010-06-22,26.5,11.9,19.2,Los Angeles,2010
2010-06-23,27.3,15.3,21.3,Los Angeles,2010
2010-06-24,28.1,15.3,21.700000000000003,Los Angeles,2010
2010-06-25,27.3,15.2,21.25,Los Angeles,2010
2010-06-26,25.2,14.3,19.75,Los Angeles,2010
2010-06-27,27.6,14.8,21.200000000000003,Los Angeles,2010
2010-06-28,27.6,16.3,21.950000000000003,Los Angeles,2010
2010-06-29,26.4,15.0,20.7,Los Angeles,2010
2010-06-30,28.9,15.2,22.049999999999997,Los Angeles,2010
2010-07-01,30.2,15.2,22.7,Los Angeles,2010
2010-07-02,28.0,15.6,21.8,Los Angeles,2010
2010-07-03,24.7,14.1,19.4,Los Angeles,2010
2010-07-04,24.5,13.9,19.2,Los Angeles,2010
2010-07-05,25.1,14.9,20.0,Los Angeles,2010
2010-07-06,24.8,13.7,19.25,Los Angeles,2010
2010-07-07,25.9,13.9,19.9,Los Angeles,2010
2010-07-08,25.8,14.7,20.25,Los Angeles,2010
2010-07-09,28.7,15.6,22.15,Los Angeles,2010
2010-07-10,27.3,17.4,22.35,Los Angeles,2010
2010-07-11,27.9,16.8,22.35,Los Angeles,2010
2010-07-12,28.5,16.2,22.35,Los Angeles,2010
2010-07-13,32.7,17.1,24.900000000000002,Los Angeles,2010
2010-07-14,36.9,19.2,28.049999999999997,Los Angeles,2010
2010-07-15,37.3,22.5,29.9,Los Angeles,2010
2010-07-16,37.0,22.9,29.95,Los Angeles,2010
2010-07-17,36.3,22.0,29.15,Los Angeles,2010
2010-07-18,32.4,20.9,26.65,Los Angeles,2010
2010-07-19,30.1,19.1,24.6,Los Angeles,2010
2010-07-20,27.9,17.4,22.65,Los Angeles,2010
2010-07-21,27.2,16.2,21.7,Los Angeles,2010
2010-07-22,27.6,16.0,21.8,Los Angeles,2010
2010-07-23,29.7,16.8,23.25,Los Angeles,2010
2010-07-24,30.3,18.4,24.35,Los Angeles,2010
2010-07-25,27.6,17.7,22.65,Los Angeles,2010
2010-07-26,26.1,15.9,21.0,Los Angeles,2010
2010-07-27,26.6,15.0,20.8,Los Angeles,2010
2010-07-28,26.8,15.2,21.0,Los Angeles,2010
2010-07-29,27.9,16.6,22.25,Los Angeles,2010
2010-07-30,27.2,16.2,21.7,Los Angeles,2010
2010-07-31,25.9,16.3,21.1,Los Angeles,2010
2010-08-01,26.1,15.6,20.85,Los Angeles,2010
2010-08-02,30.3,17.6,23.950000000000003,Los Angeles,2010
2010-08-03,31.1,19.7,25.4,Los Angeles,2010
2010-08-04,30.2,18.2,24.2,Los Angeles,2010
2010-08-05,28.4,16.8,22.6,Los Angeles,2010
2010-08-06,28.0,15.3,21.65,Los Angeles,2010
2010-08-07,26.2,14.7,20.45,Los Angeles,2010
2010-08-08,25.6,13.6,19.6,Los Angeles,2010
2010-08-09,27.5,13.4,20.45,Los Angeles,2010
2010-08-10,27.7,13.9,20.8,Los Angeles,2010
2010-08-11,27.6,13.2,20.4,Los Angeles,2010
2010-08-12,28.2,13.7,20.95,Los Angeles,2010
2010-08-13,29.7,15.3,22.5,Los Angeles,2010
2010-08-14,29.8,15.8,22.8,Los Angeles,2010
2010-08-15,31.7,17.1,24.4,Los Angeles,2010
2010-08-16,32.7,18.3,25.5,Los Angeles,2010
2010-08-17,34.3,20.4,27.349999999999998,Los Angeles,2010
2010-08-18,34.5,21.8,28.15,Los Angeles,2010
2010-08-19,34.0,21.4,27.7,Los Angeles,2010
2010-08-20,33.9,18.6,26.25,Los Angeles,2010
2010-08-21,34.1,20.1,27.1,Los Angeles,2010
2010-08-22,34.5,21.6,28.05,Los Angeles,2010
2010-08-23,36.9,17.4,27.15,Los Angeles,2010
2010-08-24,38.9,20.1,29.5,Los Angeles,2010
2010-08-25,38.6,24.1,31.35,Los Angeles,2010
2010-08-26,36.4,24.6,30.5,Los Angeles,2010
2010-08-27,31.6,20.4,26.0,Los Angeles,2010
2010-08-28,24.2,16.1,20.15,Los Angeles,2010
2010-08-29,23.6,14.0,18.8,Los Angeles,2010
2010-08-30,24.9,13.4,19.15,Los Angeles,2010
2010-08-31,29.3,13.5,21.4,Los Angeles,2010
2011-06-01,22.6,10.9,16.75,Los Angeles,2011
2011-06-02,26.7,9.1,17.9,Los Angeles,2011
2011-06-03,25.1,10.2,17.65,Los Angeles,2011
2011-06-04,21.7,11.7,16.7,Los Angeles,2011
2011-06-05,21.7,11.0,16.35,Los Angeles,2011
2011-06-06,22.0,12.2,17.1,Los Angeles,2011
2011-06-07,23.8,10.8,17.3,Los Angeles,2011
2011-06-08,23.0,12.1,17.55,Los Angeles,2011
2011-06-09,23.4,13.1,18.25,Los Angeles,2011
2011-06-10,23.6,11.8,17.700000000000003,Los Angeles,2011
2011-06-11,23.3,12.1,17.7,Los Angeles,2011
2011-06-12,23.2,12.5,17.85,Los Angeles,2011
2011-06-13,24.8,13.0,18.9,Los Angeles,2011
2011-06-14,28.0,13.8,20.9,Los Angeles,2011
2011-06-15,26.4,15.1,20.75,Los Angeles,2011
2011-06-16,23.8,13.9,18.85,Los Angeles,2011
2011-06-17,23.1,14.4,18.75,Los Angeles,2011
2011-06-18,25.1,12.8,18.950000000000003,Los Angeles,2011
2011-06-19,23.8,12.4,18.1,Los Angeles,2011
2011-06-20,30.3,14.6,22.45,Los Angeles,2011
2011-06-21,31.9,18.1,25.0,Los Angeles,2011
2011-06-22,30.7,18.4,24.549999999999997,Los Angeles,2011
2011-06-23,28.8,17.0,22.9,Los Angeles,2011
2011-06-24,27.5,15.4,21.45,Los Angeles,2011
2011-06-25,28.7,13.4,21.05,Los Angeles,2011
2011-06-26,29.1,14.2,21.65,Los Angeles,2011
2011-06-27,31.4,15.5,23.45,Los Angeles,2011
2011-06-28,27.5,17.5,22.5,Los Angeles,2011
2011-06-29,26.2,15.1,20.65,Los Angeles,2011
2011-06-30,30.1,12.5,21.3,Los Angeles,2011
2011-07-01,34.4,15.2,24.799999999999997,Los Angeles,2011
2011-07-02,34.8,19.6,27.2,Los Angeles,2011
2011-07-03,33.7,20.1,26.900000000000002,Los Angeles,2011
2011-07-04,32.7,19.3,26.0,Los Angeles,2011
2011-07-05,32.7,20.7,26.700000000000003,Los Angeles,2011
2011-07-06,33.2,21.1,27.150000000000002,Los Angeles,2011
2011-07-07,32.4,21.0,26.7,Los Angeles,2011
2011-07-08,31.4,19.8,25.6,Los Angeles,2011
2011-07-09,29.5,18.3,23.9,Los Angeles,2011
2011-07-10,29.3,18.1,23.700000000000003,Los Angeles,2011
2011-07-11,26.7,15.6,21.15,Los Angeles,2011
2011-07-12,26.3,14.5,20.4,Los Angeles,2011
2011-07-13,25.1,14.2,19.65,Los Angeles,2011
2011-07-14,24.2,15.1,19.65,Los Angeles,2011
2011-07-15,25.3,15.4,20.35,Los Angeles,2011
2011-07-16,26.3,13.5,19.9,Los Angeles,2011
2011-07-17,29.7,13.8,21.75,Los Angeles,2011
2011-07-18,32.6,16.4,24.5,Los Angeles,2011
2011-07-19,33.0,19.2,26.1,Los Angeles,2011
2011-07-20,31.6,16.1,23.85,Los Angeles,2011
2011-07-21,28.8,15.2,22.0,Los Angeles,2011
2011-07-22,28.0,14.1,21.05,Los Angeles,2011
2011-07-23,29.9,14.5,22.2,Los Angeles,2011
2011-07-24,32.1,16.6,24.35,Los Angeles,2011
2011-07-25,31.6,18.5,25.05,Los Angeles,2011
2011-07-26,29.7,19.1,24.4,Los Angeles,2011
2011-07-27,27.0,17.4,22.2,Los Angeles,2011
2011-07-28,28.7,17.0,22.85,Los Angeles,2011
2011-07-29,28.4,17.7,23.049999999999997,Los Angeles,2011
2011-07-30,30.3,17.3,23.8,Los Angeles,2011
2011-07-31,30.8,18.5,24.65,Los Angeles,2011
2011-08-01,33.7,19.2,26.450000000000003,Los Angeles,2011
2011-08-02,37.1,20.0,28.55,Los Angeles,2011
2011-08-03,34.2,21.7,27.950000000000003,Los Angeles,2011
2011-08-04,33.0,19.2,26.1,Los Angeles,2011
2011-08-05,29.7,16.8,23.25,Los Angeles,2011
2011-08-06,29.1,16.0,22.55,Los Angeles,2011
2011-08-07,31.0,16.4,23.7,Los Angeles,2011
2011-08-08,29.8,16.3,23.05,Los Angeles,2011
2011-08-09,28.2,16.5,22.35,Los Angeles,2011
2011-08-10,26.0,15.6,20.8,Los Angeles,2011
2011-08-11,26.7,14.6,20.65,Los Angeles,2011
2011-08-12,28.3,14.9,21.6,Los Angeles,2011
2011-08-13,29.5,16.9,23.2,Los Angeles,2011
2011-08-14,31.5,17.9,24.7,Los Angeles,2011
2011-08-15,31.3,18.8,25.05,Los Angeles,2011
2011-08-16,31.4,18.1,24.75,Los Angeles,2011
2011-08-17,32.9,17.6,25.25,Los Angeles,2011
2011-08-18,31.9,19.3,25.6,Los Angeles,2011
2011-08-19,28.3,17.3,22.8,Los Angeles,2011
2011-08-20,27.5,15.7,21.6,Los Angeles,2011
2011-08-21,28.8,15.4,22.1,Los Angeles,2011
2011-08-22,30.6,15.9,23.25,Los Angeles,2011
2011-08-23,34.6,18.6,26.6,Los Angeles,2011
2011-08-24,34.5,21.4,27.95,Los Angeles,2011
2011-08-25,37.2,21.6,29.400000000000002,Los Angeles,2011
2011-08-26,40.0,23.2,31.6,Los Angeles,2011
2011-08-27,38.7,23.8,31.25,Los Angeles,2011
2011-08-28,35.9,22.9,29.4,Los Angeles,2011
2011-08-29,34.7,22.7,28.700000000000003,Los Angeles,2011
2011-08-30,31.1,19.4,25.25,Los Angeles,2011
2011-08-31,29.3,16.7,23.0,Los Angeles,2011
2012-06-01,28.7,17.7,23.2,Los Angeles,2012
2012-06-02,26.5,14.6,20.55,Los Angeles,2012
2012-06-03,25.2,14.0,19.6,Los Angeles,2012
2012-06-04,23.3,14.1,18.7,Los Angeles,2012
2012-06-05,25.5,14.1,19.8,Los Angeles,2012
2012-06-06,29.7,11.6,20.65,Los Angeles,2012
2012-06-07,29.8,13.3,21.55,Los Angeles,2012
2012-06-08,26.5,17.0,21.75,Los Angeles,2012
2012-06-09,24.0,13.7,18.85,Los Angeles,2012
2012-06-10,25.3,12.9,19.1,Los Angeles,2012
2012-06-11,28.1,14.0,21.05,Los Angeles,2012
2012-06-12,28.2,15.4,21.8,Los Angeles,2012
2012-06-13,26.0,15.6,20.8,Los Angeles,2012
2012-06-14,25.4,13.3,19.35,Los Angeles,2012
2012-06-15,25.6,13.5,19.55,Los Angeles,2012
2012-06-16,27.0,14.9,20.95,Los Angeles,2012
2012-06-17,32.1,14.9,23.5,Los Angeles,2012
2012-06-18,29.7,18.1,23.9,Los Angeles,2012
2012-06-19,26.6,13.8,20.200000000000003,Los Angeles,2012
2012-06-20,27.0,14.7,20.85,Los Angeles,2012
2012-06-21,26.8,15.7,21.25,Los Angeles,2012
2012-06-22,26.9,13.1,20.0,Los Angeles,2012
2012-06-23,26.7,13.3,20.0,Los Angeles,2012
2012-06-24,28.8,13.9,21.35,Los Angeles,2012
2012-06-25,27.9,13.7,20.799999999999997,Los Angeles,2012
2012-06-26,30.0,13.2,21.6,Los Angeles,2012
2012-06-27,31.2,14.2,22.7,Los Angeles,2012
2012-06-28,31.8,16.4,24.1,Los Angeles,2012
2012-06-29,30.7,16.2,23.45,Los Angeles,2012
2012-06-30,29.8,15.7,22.75,Los Angeles,2012
2012-07-01,27.7,15.5,21.6,Los Angeles,2012
2012-07-02,27.8,15.7,21.75,Los Angeles,2012
2012-07-03,27.2,15.0,21.1,Los Angeles,2012
2012-07-04,25.7,14.8,20.25,Los Angeles,2012
2012-07-05,27.0,14.7,20.85,Los Angeles,2012
2012-07-06,28.4,15.1,21.75,Los Angeles,2012
2012-07-07,30.0,16.2,23.1,Los Angeles,2012
2012-07-08,32.0,17.4,24.7,Los Angeles,2012
2012-07-09,34.4,18.4,26.4,Los Angeles,2012
2012-07-10,35.9,20.9,28.4,Los Angeles,2012
2012-07-11,35.8,19.9,27.849999999999998,Los Angeles,2012
2012-07-12,31.5,20.1,25.8,Los Angeles,2012
2012-07-13,31.9,21.9,26.9,Los Angeles,2012
2012-07-14,30.8,18.7,24.75,Los Angeles,2012
2012-07-15,28.0,15.9,21.95,Los Angeles,2012
2012-07-16,25.6,14.0,19.8,Los Angeles,2012
2012-07-17,25.8,13.7,19.75,Los Angeles,2012
2012-07-18,30.1,13.9,22.0,Los Angeles,2012
2012-07-19,34.9,19.1,27.0,Los Angeles,2012
2012-07-20,34.4,19.2,26.799999999999997,Los Angeles,2012
2012-07-21,34.0,20.4,27.2,Los Angeles,2012
2012-07-22,33.4,19.4,26.4,Los Angeles,2012
2012-07-23,30.2,19.0,24.6,Los Angeles,2012
2012-07-24,29.8,17.2,23.5,Los Angeles,2012
2012-07-25,29.1,16.2,22.65,Los Angeles,2012
2012-07-26,29.2,15.7,22.45,Los Angeles,2012
2012-07-27,29.1,15.6,22.35,Los Angeles,2012
2012-07-28,30.4,15.3,22.85,Los Angeles,2012
2012-07-29,30.8,15.4,23.1,Los Angeles,2012
2012-07-30,30.4,17.0,23.7,Los Angeles,2012
2012-07-31,29.7,17.3,23.5,Los Angeles,2012
2012-08-01,30.4,17.1,23.75,Los Angeles,2012
2012-08-02,30.6,19.2,24.9,Los Angeles,2012
2012-08-03,27.9,17.7,22.799999999999997,Los Angeles,2012
2012-08-04,29.2,17.4,23.299999999999997,Los Angeles,2012
2012-08-05,32.9,18.8,25.85,Los Angeles,2012
2012-08-06,36.7,18.7,27.700000000000003,Los Angeles,2012
2012-08-07,36.0,20.3,28.15,Los Angeles,2012
2012-08-08,37.0,23.4,30.2,Los Angeles,2012
2012-08-09,36.8,21.8,29.299999999999997,Los Angeles,2012
2012-08-10,37.5,23.5,30.5,Los Angeles,2012
2012-08-11,37.4,23.8,30.6,Los Angeles,2012
2012-08-12,38.5,24.4,31.45,Los Angeles,2012
2012-08-13,37.3,24.0,30.65,Los Angeles,2012
2012-08-14,36.2,22.8,29.5,Los Angeles,2012
2012-08-15,34.4,20.1,27.25,Los Angeles,2012
2012-08-16,35.4,21.3,28.35,Los Angeles,2012
2012-08-17,36.7,22.8,29.75,Los Angeles,2012
2012-08-18,35.4,23.0,29.2,Los Angeles,2012
2012-08-19,35.3,22.0,28.65,Los Angeles,2012
2012-08-20,33.8,20.9,27.349999999999998,Los Angeles,2012
2012-08-21,30.8,20.9,25.85,Los Angeles,2012
2012-08-22,29.0,19.7,24.35,Los Angeles,2012
2012-08-23,29.9,18.5,24.2,Los Angeles,2012
2012-08-24,29.1,17.7,23.4,Los Angeles,2012
2012-08-25,28.5,17.5,23.0,Los Angeles,2012
2012-08-26,30.2,15.0,22.6,Los Angeles,2012
2012-08-27,34.4,15.8,25.1,Los Angeles,2012
2012-08-28,36.9,19.0,27.95,Los Angeles,2012
2012-08-29,36.8,22.9,29.849999999999998,Los Angeles,2012
2012-08-30,35.0,21.7,28.35,Los Angeles,2012
2012-08-31,33.3,21.6,27.45,Los Angeles,2012
2013-06-01,32.9,15.6,24.25,Los Angeles,2013
2013-06-02,26.8,17.3,22.05,Los Angeles,2013
2013-06-03,25.9,14.3,20.1,Los Angeles,2013
2013-06-04,26.1,14.3,20.200000000000003,Los Angeles,2013
2013-06-05,27.2,13.8,20.5,Los Angeles,2013
2013-06-06,27.3,15.5,21.4,Los Angeles,2013
2013-06-07,28.4,15.6,22.0,Los Angeles,2013
2013-06-08,27.6,16.0,21.8,Los Angeles,2013
2013-06-09,27.8,14.3,21.05,Los Angeles,2013
2013-06-10,26.7,13.5,20.1,Los Angeles,2013
2013-06-11,32.0,14.0,23.0,Los Angeles,2013
2013-06-12,27.7,16.6,22.15,Los Angeles,2013
2013-06-13,27.2,13.8,20.5,Los Angeles,2013
2013-06-14,27.1,15.0,21.05,Los Angeles,2013
2013-06-15,26.3,14.1,20.2,Los Angeles,2013
2013-06-16,28.2,13.2,20.7,Los Angeles,2013
2013-06-17,29.8,16.1,22.950000000000003,Los Angeles,2013
2013-06-18,28.5,17.0,22.75,Los Angeles,2013
2013-06-19,29.4,14.1,21.75,Los Angeles,2013
2013-06-20,29.1,13.8,21.450000000000003,Los Angeles,2013
2013-06-21,28.6,16.6,22.6,Los Angeles,2013
2013-06-22,27.8,15.0,21.4,Los Angeles,2013
2013-06-23,24.8,14.4,19.6,Los Angeles,2013
2013-06-24,23.8,14.8,19.3,Los Angeles,2013
2013-06-25,26.8,16.1,21.450000000000003,Los Angeles,2013
2013-06-26,32.3,17.4,24.849999999999998,Los Angeles,2013
2013-06-27,34.9,18.9,26.9,Los Angeles,2013
2013-06-28,35.6,20.8,28.200000000000003,Los Angeles,2013
2013-06-29,37.7,20.6,29.150000000000002,Los Angeles,2013
2013-06-30,37.1,21.7,29.4,Los Angeles,2013
2013-07-01,34.6,21.5,28.05,Los Angeles,2013
2013-07-02,34.2,20.9,27.55,Los Angeles,2013
2013-07-03,32.9,20.5,26.7,Los Angeles,2013
2013-07-04,32.9,18.7,25.799999999999997,Los Angeles,2013
2013-07-05,30.8,18.7,24.75,Los Angeles,2013
2013-07-06,30.6,17.7,24.15,Los Angeles,2013
2013-07-07,33.2,18.4,25.8,Los Angeles,2013
2013-07-08,35.4,19.1,27.25,Los Angeles,2013
2013-07-09,34.7,20.0,27.35,Los Angeles,2013
2013-07-10,30.1,19.8,24.950000000000003,Los Angeles,2013
2013-07-11,29.3,19.5,24.4,Los Angeles,2013
2013-07-12,30.5,19.2,24.85,Los Angeles,2013
2013-07-13,32.0,18.4,25.2,Los Angeles,2013
2013-07-14,32.1,19.1,25.6,Los Angeles,2013
2013-07-15,32.5,20.3,26.4,Los Angeles,2013
2013-07-16,32.7,16.4,24.55,Los Angeles,2013
2013-07-17,33.6,16.0,24.8,Los Angeles,2013
2013-07-18,33.3,19.3,26.299999999999997,Los Angeles,2013
2013-07-19,31.6,19.7,25.65,Los Angeles,2013
2013-07-20,30.0,18.5,24.25,Los Angeles,2013
2013-07-21,27.7,18.8,23.25,Los Angeles,2013
2013-07-22,28.8,18.3,23.55,Los Angeles,2013
2013-07-23,29.3,18.8,24.05,Los Angeles,2013
2013-07-24,30.0,18.5,24.25,Los Angeles,2013
2013-07-25,31.3,18.2,24.75,Los Angeles,2013
2013-07-26,30.8,18.5,24.65,Los Angeles,2013
2013-07-27,30.1,19.3,24.700000000000003,Los Angeles,2013
2013-07-28,28.0,17.2,22.6,Los Angeles,2013
2013-07-29,28.3,14.3,21.3,Los Angeles,2013
2013-07-30,28.8,16.3,22.55,Los Angeles,2013
2013-07-31,28.0,15.3,21.65,Los Angeles,2013
2013-08-01,27.9,15.4,21.65,Los Angeles,2013
2013-08-02,28.0,14.4,21.2,Los Angeles,2013
2013-08-03,29.0,14.1,21.55,Los Angeles,2013
2013-08-04,29.3,16.0,22.65,Los Angeles,2013
2013-08-05,31.0,16.3,23.65,Los Angeles,2013
2013-08-06,28.6,15.6,22.1,Los Angeles,2013
2013-08-07,29.2,15.5,22.35,Los Angeles,2013
2013-08-08,29.0,14.6,21.8,Los Angeles,2013
2013-08-09,28.1,15.1,21.6,Los Angeles,2013
2013-08-10,27.1,14.7,20.9,Los Angeles,2013
2013-08-11,29.3,15.0,22.15,Los Angeles,2013
2013-08-12,30.3,16.2,23.25,Los Angeles,2013
2013-08-13,31.8,17.1,24.450000000000003,Los Angeles,2013
2013-08-14,33.5,18.8,26.15,Los Angeles,2013
2013-08-15,33.0,18.7,25.85,Los Angeles,2013
2013-08-16,33.2,20.1,26.650000000000002,Los Angeles,2013
2013-08-17,34.4,20.4,27.4,Los Angeles,2013
2013-08-18,34.4,19.6,27.0,Los Angeles,2013
2013-08-19,31.1,19.4,25.25,Los Angeles,2013
2013-08-20,33.0,19.4,26.2,Los Angeles,2013
2013-08-21,34.1,20.8,27.450000000000003,Los Angeles,2013
2013-08-22,35.9,21.2,28.549999999999997,Los Angeles,2013
2013-08-23,34.8,21.2,28.0,Los Angeles,2013
2013-08-24,33.5,18.2,25.85,Los Angeles,2013
2013-08-25,34.0,17.0,25.5,Los Angeles,2013
2013-08-26,33.2,20.6,26.900000000000002,Los Angeles,2013
2013-08-27,33.7,22.7,28.200000000000003,Los Angeles,2013
2013-08-28,35.6,21.0,28.3,Los Angeles,2013
2013-08-29,36.4,22.3,29.35,Los Angeles,2013
2013-08-30,34.4,25.6,30.0,Los Angeles,2013
2013-08-31,32.4,24.5,28.45,Los Angeles,2013
2014-06-01,30.1,14.1,22.1,Los Angeles,2014
2014-06-02,28.8,16.6,22.700000000000003,Los Angeles,2014
2014-06-03,31.2,12.8,22.0,Los Angeles,2014
2014-06-04,30.6,16.3,23.450000000000003,Los Angeles,2014
2014-06-05,29.8,15.0,22.4,Los Angeles,2014
2014-06-06,27.1,15.3,21.200000000000003,Los Angeles,2014
2014-06-07,26.9,13.7,20.299999999999997,Los Angeles,2014
2014-06-08,29.9,15.6,22.75,Los Angeles,2014
2014-06-09,31.9,18.3,25.1,Los Angeles,2014
2014-06-10,26.6,16.7,21.65,Los Angeles,2014
2014-06-11,28.2,14.7,21.45,Los Angeles,2014
2014-06-12,28.3,13.9,21.1,Los Angeles,2014
2014-06-13,27.0,13.1,20.05,Los Angeles,2014
2014-06-14,28.8,13.0,20.9,Los Angeles,2014
2014-06-15,26.9,13.3,20.1,Los Angeles,2014
2014-06-16,25.9,13.1,19.5,Los Angeles,2014
2014-06-17,25.2,12.8,19.0,Los Angeles,2014
2014-06-18,26.1,12.2,19.15,Los Angeles,2014
2014-06-19,30.4,13.8,22.1,Los Angeles,2014
2014-06-20,32.1,16.6,24.35,Los Angeles,2014
2014-06-21,30.7,17.8,24.25,Los Angeles,2014
2014-06-22,28.4,15.4,21.9,Los Angeles,2014
2014-06-23,27.7,14.7,21.2,Los Angeles,2014
2014-06-24,28.0,16.1,22.05,Los Angeles,2014
2014-06-25,28.1,16.0,22.05,Los Angeles,2014
2014-06-26,27.4,16.9,22.15,Los Angeles,2014
2014-06-27,28.4,15.3,21.85,Los Angeles,2014
2014-06-28,29.2,16.6,22.9,Los Angeles,2014
2014-06-29,31.5,17.6,24.55,Los Angeles,2014
2014-06-30,30.0,17.4,23.7,Los Angeles,2014
2014-07-01,31.0,18.2,24.6,Los Angeles,2014
2014-07-02,30.7,18.7,24.7,Los Angeles,2014
2014-07-03,34.2,17.7,25.950000000000003,Los Angeles,2014
2014-07-04,33.7,19.0,26.35,Los Angeles,2014
2014-07-05,34.3,20.8,27.549999999999997,Los Angeles,2014
2014-07-06,33.9,19.5,26.7,Los Angeles,2014
2014-07-07,33.2,19.4,26.3,Los Angeles,2014
2014-07-08,32.2,19.2,25.700000000000003,Los Angeles,2014
2014-07-09,31.7,19.1,25.4,Los Angeles,2014
2014-07-10,30.9,17.1,24.0,Los Angeles,2014
2014-07-11,30.9,16.7,23.799999999999997,Los Angeles,2014
2014-07-12,30.9,18.2,24.549999999999997,Los Angeles,2014
2014-07-13,33.0,19.6,26.3,Los Angeles,2014
2014-07-14,31.1,19.7,25.4,Los Angeles,2014
2014-07-15,26.2,19.5,22.85,Los Angeles,2014
2014-07-16,26.1,17.9,22.0,Los Angeles,2014
2014-07-17,25.4,16.9,21.15,Los Angeles,2014
2014-07-18,25.8,15.9,20.85,Los Angeles,2014
2014-07-19,26.8,16.2,21.5,Los Angeles,2014
2014-07-20,27.8,17.1,22.450000000000003,Los Angeles,2014
2014-07-21,28.9,17.2,23.049999999999997,Los Angeles,2014
2014-07-22,32.2,17.2,24.700000000000003,Los Angeles,2014
2014-07-23,35.9,19.6,27.75,Los Angeles,2014
2014-07-24,37.6,18.6,28.1,Los Angeles,2014
2014-07-25,32.8,19.5,26.15,Los Angeles,2014
2014-07-26,34.6,20.2,27.4,Los Angeles,2014
2014-07-27,32.8,20.1,26.45,Los Angeles,2014
2014-07-28,31.0,21.6,26.3,Los Angeles,2014
2014-07-29,33.0,20.6,26.8,Los Angeles,2014
2014-07-30,32.9,22.3,27.6,Los Angeles,2014
2014-07-31,35.0,21.8,28.4,Los Angeles,2014
2014-08-01,34.0,19.8,26.9,Los Angeles,2014
2014-08-02,31.6,20.9,26.25,Los Angeles,2014
2014-08-03,31.8,22.1,26.950000000000003,Los Angeles,2014
2014-08-04,30.6,20.6,25.6,Los Angeles,2014
2014-08-05,30.9,16.4,23.65,Los Angeles,2014
2014-08-06,28.4,16.3,22.35,Los Angeles,2014
2014-08-07,28.5,16.1,22.3,Los Angeles,2014
2014-08-08,30.7,15.7,23.2,Los Angeles,2014
2014-08-09,31.3,17.0,24.15,Los Angeles,2014
2014-08-10,33.3,17.0,25.15,Los Angeles,2014
2014-08-11,33.6,20.5,27.05,Los Angeles,2014
2014-08-12,32.2,20.2,26.200000000000003,Los Angeles,2014
2014-08-13,31.4,19.1,25.25,Los Angeles,2014
2014-08-14,32.4,16.5,24.45,Los Angeles,2014
2014-08-15,35.1,17.0,26.05,Los Angeles,2014
2014-08-16,35.7,18.6,27.150000000000002,Los Angeles,2014
2014-08-17,35.2,20.5,27.85,Los Angeles,2014
2014-08-18,34.1,19.5,26.8,Los Angeles,2014
2014-08-19,27.0,17.3,22.15,Los Angeles,2014
2014-08-20,28.1,16.4,22.25,Los Angeles,2014
2014-08-21,31.3,17.4,24.35,Los Angeles,2014
2014-08-22,31.0,18.4,24.7,Los Angeles,2014
2014-08-23,30.5,16.5,23.5,Los Angeles,2014
2014-08-24,30.7,15.3,23.0,Los Angeles,2014
2014-08-25,29.7,15.5,22.6,Los Angeles,2014
2014-08-26,31.5,16.7,24.1,Los Angeles,2014
2014-08-27,35.5,17.9,26.7,Los Angeles,2014
2014-08-28,36.6,19.7,28.15,Los Angeles,2014
2014-08-29,34.0,20.2,27.1,Los Angeles,2014
2014-08-30,35.2,21.1,28.150000000000002,Los Angeles,2014
2014-08-31,32.9,21.4,27.15,Los Angeles,2014
2015-06-01,26.4,13.2,19.799999999999997,Los Angeles,2015
2015-06-02,25.4,12.1,18.75,Los Angeles,2015
2015-06-03,22.9,13.3,18.1,Los Angeles,2015
2015-06-04,21.6,14.3,17.950000000000003,Los Angeles,2015
2015-06-05,23.8,14.3,19.05,Los Angeles,2015
2015-06-06,25.0,14.2,19.6,Los Angeles,2015
2015-06-07,31.3,12.4,21.85,Los Angeles,2015
2015-06-08,36.3,15.4,25.849999999999998,Los Angeles,2015
2015-06-09,32.0,20.0,26.0,Los Angeles,2015
2015-06-10,25.5,18.6,22.05,Los Angeles,2015
2015-06-11,26.3,16.6,21.450000000000003,Los Angeles,2015
2015-06-12,26.2,16.5,21.35,Los Angeles,2015
2015-06-13,26.2,16.4,21.299999999999997,Los Angeles,2015
2015-06-14,29.3,16.2,22.75,Los Angeles,2015
2015-06-15,30.9,16.3,23.6,Los Angeles,2015
2015-06-16,30.8,16.3,23.55,Los Angeles,2015
2015-06-17,31.4,15.6,23.5,Los Angeles,2015
2015-06-18,33.5,16.1,24.8,Los Angeles,2015
2015-06-19,33.6,18.3,25.950000000000003,Los Angeles,2015
2015-06-20,33.5,20.8,27.15,Los Angeles,2015
2015-06-21,30.5,18.6,24.55,Los Angeles,2015
2015-06-22,31.1,16.7,23.9,Los Angeles,2015
2015-06-23,31.6,17.4,24.5,Los Angeles,2015
2015-06-24,31.9,18.0,24.95,Los Angeles,2015
2015-06-25,31.9,17.4,24.65,Los Angeles,2015
2015-06-26,32.3,19.8,26.049999999999997,Los Angeles,2015
2015-06-27,31.1,18.6,24.85,Los Angeles,2015
2015-06-28,34.2,20.7,27.450000000000003,Los Angeles,2015
2015-06-29,34.8,22.4,28.599999999999998,Los Angeles,2015
2015-06-30,34.5,21.8,28.15,Los Angeles,2015
2015-07-01,34.6,21.2,27.9,Los Angeles,2015
2015-07-02,31.9,21.3,26.6,Los Angeles,2015
2015-07-03,32.4,19.2,25.799999999999997,Los Angeles,2015
2015-07-04,29.0,17.8,23.4,Los Angeles,2015
2015-07-05,27.9,16.3,22.1,Los Angeles,2015
2015-07-06,28.3,16.2,22.25,Los Angeles,2015
2015-07-07,27.8,15.3,21.55,Los Angeles,2015
2015-07-08,26.2,15.4,20.8,Los Angeles,2015
2015-07-09,23.4,17.1,20.25,Los Angeles,2015
2015-07-10,24.5,14.5,19.5,Los Angeles,2015
2015-07-11,27.6,15.5,21.55,Los Angeles,2015
2015-07-12,30.5,17.8,24.15,Los Angeles,2015
2015-07-13,31.5,16.0,23.75,Los Angeles,2015
2015-07-14,30.4,16.4,23.4,Los Angeles,2015
2015-07-15,29.1,15.4,22.25,Los Angeles,2015
2015-07-16,30.5,15.3,22.9,Los Angeles,2015
2015-07-17,32.6,16.0,24.3,Los Angeles,2015
2015-07-18,30.3,19.2,24.75,Los Angeles,2015
2015-07-19,33.1,21.4,27.25,Los Angeles,2015
2015-07-20,29.3,21.9,25.6,Los Angeles,2015
2015-07-21,26.9,20.9,23.9,Los Angeles,2015
2015-07-22,27.5,20.0,23.75,Los Angeles,2015
2015-07-23,28.3,19.2,23.75,Los Angeles,2015
2015-07-24,32.5,19.5,26.0,Los Angeles,2015
2015-07-25,33.1,18.3,25.700000000000003,Los Angeles,2015
2015-07-26,30.7,17.9,24.299999999999997,Los Angeles,2015
2015-07-27,29.2,16.7,22.95,Los Angeles,2015
2015-07-28,31.7,16.7,24.2,Los Angeles,2015
2015-07-29,31.8,17.3,24.55,Los Angeles,2015
2015-07-30,34.5,20.6,27.55,Los Angeles,2015
2015-07-31,33.2,20.5,26.85,Los Angeles,2015
2015-08-01,32.1,19.0,25.55,Los Angeles,2015
2015-08-02,32.6,19.6,26.1,Los Angeles,2015
2015-08-03,32.7,18.7,25.700000000000003,Los Angeles,2015
2015-08-04,33.2,18.9,26.05,Los Angeles,2015
2015-08-05,35.4,19.8,27.6,Los Angeles,2015
2015-08-06,33.9,21.1,27.5,Los Angeles,2015
2015-08-07,28.7,18.5,23.6,Los Angeles,2015
2015-08-08,28.7,15.9,22.3,Los Angeles,2015
2015-08-09,29.1,16.0,22.55,Los Angeles,2015
2015-08-10,29.4,15.5,22.45,Los Angeles,2015
2015-08-11,29.6,15.2,22.4,Los Angeles,2015
2015-08-12,35.3,15.8,25.549999999999997,Los Angeles,2015
2015-08-13,38.2,20.1,29.150000000000002,Los Angeles,2015
2015-08-14,38.2,23.3,30.75,Los Angeles,2015
2015-08-15,38.5,21.7,30.1,Los Angeles,2015
2015-08-16,38.1,23.0,30.55,Los Angeles,2015
2015-08-17,31.3,21.3,26.3,Los Angeles,2015
2015-08-18,30.2,19.0,24.6,Los Angeles,2015
2015-08-19,29.9,17.4,23.65,Los Angeles,2015
2015-08-20,29.4,17.3,23.35,Los Angeles,2015
2015-08-21,27.8,17.8,22.8,Los Angeles,2015
2015-08-22,30.2,17.4,23.799999999999997,Los Angeles,2015
2015-08-23,32.6,18.1,25.35,Los Angeles,2015
2015-08-24,34.0,18.6,26.3,Los Angeles,2015
2015-08-25,31.5,21.0,26.25,Los Angeles,2015
2015-08-26,34.8,21.9,28.349999999999998,Los Angeles,2015
2015-08-27,37.0,21.5,29.25,Los Angeles,2015
2015-08-28,38.2,22.1,30.150000000000002,Los Angeles,2015
2015-08-29,36.7,22.4,29.55,Los Angeles,2015
2015-08-30,33.4,21.7,27.549999999999997,Los Angeles,2015
2015-08-31,30.0,18.7,24.35,Los Angeles,2015
2016-06-01,27.3,14.1,20.7,Los Angeles,2016
2016-06-02,32.3,14.5,23.4,Los Angeles,2016
2016-06-03,34.8,16.5,25.65,Los Angeles,2016
2016-06-04,33.5,16.6,25.05,Los Angeles,2016
2016-06-05,29.4,18.2,23.799999999999997,Los Angeles,2016
2016-06-06,26.3,14.5,20.4,Los Angeles,2016
2016-06-07,26.5,14.5,20.5,Los Angeles,2016
2016-06-08,28.6,16.1,22.35,Los Angeles,2016
2016-06-09,27.3,16.2,21.75,Los Angeles,2016
2016-06-10,27.2,15.4,21.3,Los Angeles,2016
2016-06-11,22.7,15.5,19.1,Los Angeles,2016
2016-06-12,22.1,15.8,18.950000000000003,Los Angeles,2016
2016-06-13,25.1,14.2,19.65,Los Angeles,2016
2016-06-14,24.7,14.0,19.35,Los Angeles,2016
2016-06-15,23.2,14.2,18.7,Los Angeles,2016
2016-06-16,26.7,12.3,19.5,Los Angeles,2016
2016-06-17,31.8,14.1,22.95,Los Angeles,2016
2016-06-18,36.3,16.1,26.2,Los Angeles,2016
2016-06-19,41.8,18.9,30.349999999999998,Los Angeles,2016
2016-06-20,43.1,22.1,32.6,Los Angeles,2016
2016-06-21,33.3,21.3,27.299999999999997,Los Angeles,2016
2016-06-22,31.5,19.0,25.25,Los Angeles,2016
2016-06-23,30.1,16.5,23.3,Los Angeles,2016
2016-06-24,29.1,18.9,24.0,Los Angeles,2016
2016-06-25,31.0,17.4,24.2,Los Angeles,2016
2016-06-26,34.2,18.0,26.1,Los Angeles,2016
2016-06-27,36.2,20.5,28.35,Los Angeles,2016
2016-06-28,34.3,21.0,27.65,Los Angeles,2016
2016-06-29,33.2,21.0,27.1,Los Angeles,2016
2016-06-30,31.3,20.5,25.9,Los Angeles,2016
2016-07-01,30.1,18.0,24.05,Los Angeles,2016
2016-07-02,30.2,16.8,23.5,Los Angeles,2016
2016-07-03,27.4,15.0,21.2,Los Angeles,2016
2016-07-04,28.6,14.6,21.6,Los Angeles,2016
2016-07-05,28.4,15.0,21.7,Los Angeles,2016
2016-07-06,27.0,15.6,21.3,Los Angeles,2016
2016-07-07,29.1,15.2,22.15,Los Angeles,2016
2016-07-08,30.5,15.7,23.1,Los Angeles,2016
2016-07-09,30.7,16.6,23.65,Los Angeles,2016
2016-07-10,31.3,17.6,24.450000000000003,Los Angeles,2016
2016-07-11,29.3,16.6,22.950000000000003,Los Angeles,2016
2016-07-12,28.7,15.7,22.2,Los Angeles,2016
2016-07-13,31.7,16.8,24.25,Los Angeles,2016
2016-07-14,31.6,18.4,25.0,Los Angeles,2016
2016-07-15,31.0,18.1,24.55,Los Angeles,2016
2016-07-16,30.7,16.3,23.5,Los Angeles,2016
2016-07-17,30.7,16.3,23.5,Los Angeles,2016
2016-07-18,32.0,16.2,24.1,Los Angeles,2016
2016-07-19,34.3,18.0,26.15,Los Angeles,2016
2016-07-20,37.2,19.1,28.150000000000002,Los Angeles,2016
2016-07-21,38.2,20.4,29.3,Los Angeles,2016
2016-07-22,40.3,20.6,30.45,Los Angeles,2016
2016-07-23,38.8,21.0,29.9,Los Angeles,2016
2016-07-24,33.8,21.3,27.549999999999997,Los Angeles,2016
2016-07-25,36.3,20.0,28.15,Los Angeles,2016
2016-07-26,35.9,20.8,28.35,Los Angeles,2016
2016-07-27,35.4,22.6,29.0,Los Angeles,2016
2016-07-28,35.6,20.9,28.25,Los Angeles,2016
2016-07-29,36.1,22.9,29.5,Los Angeles,2016
2016-07-30,33.4,20.4,26.9,Los Angeles,2016
2016-07-31,32.4,20.5,26.45,Los Angeles,2016
2016-08-01,32.2,19.4,25.8,Los Angeles,2016
2016-08-02,32.0,19.0,25.5,Los Angeles,2016
2016-08-03,31.5,18.6,25.05,Los Angeles,2016
2016-08-04,31.9,18.3,25.1,Los Angeles,2016
2016-08-05,30.2,17.8,24.0,Los Angeles,2016
2016-08-06,30.5,17.2,23.85,Los Angeles,2016
2016-08-07,31.4,17.3,24.35,Los Angeles,2016
2016-08-08,29.1,18.2,23.65,Los Angeles,2016
2016-08-09,28.8,17.0,22.9,Los Angeles,2016
2016-08-10,30.8,15.9,23.35,Los Angeles,2016
2016-08-11,30.7,15.1,22.9,Los Angeles,2016
2016-08-12,32.6,18.0,25.3,Los Angeles,2016
2016-08-13,35.7,20.9,28.3,Los Angeles,2016
2016-08-14,36.5,21.7,29.1,Los Angeles,2016
2016-08-15,38.6,21.9,30.25,Los Angeles,2016
2016-08-16,37.9,18.6,28.25,Los Angeles,2016
2016-08-17,35.9,18.1,27.0,Los Angeles,2016
2016-08-18,34.0,19.5,26.75,Los Angeles,2016
2016-08-19,33.1,18.3,25.700000000000003,Los Angeles,2016
2016-08-20,32.4,18.8,25.6,Los Angeles,2016
2016-08-21,32.4,20.0,26.2,Los Angeles,2016
2016-08-22,31.4,19.0,25.2,Los Angeles,2016
2016-08-23,31.2,18.7,24.95,Los Angeles,2016
2016-08-24,32.1,18.7,25.4,Los Angeles,2016
2016-08-25,29.6,17.5,23.55,Los Angeles,2016
2016-08-26,27.2,15.8,21.5,Los Angeles,2016
2016-08-27,28.0,15.6,21.8,Los Angeles,2016
2016-08-28,33.2,17.7,25.450000000000003,Los Angeles,2016
2016-08-29,35.5,19.3,27.4,Los Angeles,2016
2016-08-30,35.9,20.2,28.049999999999997,Los Angeles,2016
2016-08-31,34.7,21.9,28.3,Los Angeles,2016
2017-06-01,24.3,15.7,20.0,Los Angeles,2017
2017-06-02,27.5,15.2,21.35,Los Angeles,2017
2017-06-03,29.5,15.0,22.25,Los Angeles,2017
2017-06-04,27.0,14.3,20.65,Los Angeles,2017
2017-06-05,26.9,13.9,20.4,Los Angeles,2017
2017-06-06,26.0,15.1,20.55,Los Angeles,2017
2017-06-07,24.8,15.7,20.25,Los Angeles,2017
2017-06-08,24.1,15.8,19.950000000000003,Los Angeles,2017
2017-06-09,25.1,13.9,19.5,Los Angeles,2017
2017-06-10,23.8,15.9,19.85,Los Angeles,2017
2017-06-11,22.2,15.9,19.05,Los Angeles,2017
2017-06-12,24.0,12.8,18.4,Los Angeles,2017
2017-06-13,28.4,12.8,20.6,Los Angeles,2017
2017-06-14,31.1,14.4,22.75,Los Angeles,2017
2017-06-15,31.7,15.1,23.4,Los Angeles,2017
2017-06-16,33.0,15.7,24.35,Los Angeles,2017
2017-06-17,32.6,15.6,24.1,Los Angeles,2017
2017-06-18,31.7,15.4,23.55,Los Angeles,2017
2017-06-19,29.8,15.4,22.6,Los Angeles,2017
2017-06-20,33.5,16.4,24.95,Los Angeles,2017
2017-06-21,32.9,16.6,24.75,Los Angeles,2017
2017-06-22,29.9,16.0,22.95,Los Angeles,2017
2017-06-23,28.6,15.2,21.9,Los Angeles,2017
2017-06-24,28.8,15.5,22.15,Los Angeles,2017
2017-06-25,32.7,16.4,24.55,Los Angeles,2017
2017-06-26,36.9,17.8,27.35,Los Angeles,2017
2017-06-27,32.4,17.5,24.95,Los Angeles,2017
2017-06-28,29.3,15.2,22.25,Los Angeles,2017
2017-06-29,27.0,15.1,21.05,Los Angeles,2017
2017-06-30,27.5,15.4,21.45,Los Angeles,2017
2017-07-01,27.0,15.2,21.1,Los Angeles,2017
2017-07-02,28.3,16.0,22.15,Los Angeles,2017
2017-07-03,29.7,15.0,22.35,Los Angeles,2017
2017-07-04,33.2,15.2,24.200000000000003,Los Angeles,2017
2017-07-05,33.2,16.5,24.85,Los Angeles,2017
2017-07-06,34.2,16.9,25.55,Los Angeles,2017
2017-07-07,36.1,17.9,27.0,Los Angeles,2017
2017-07-08,38.0,20.2,29.1,Los Angeles,2017
2017-07-09,36.4,19.0,27.7,Los Angeles,2017
2017-07-10,34.4,22.4,28.4,Los Angeles,2017
2017-07-11,30.6,20.1,25.35,Los Angeles,2017
2017-07-12,30.7,18.6,24.65,Los Angeles,2017
2017-07-13,30.4,18.0,24.2,Los Angeles,2017
2017-07-14,30.0,17.7,23.85,Los Angeles,2017
2017-07-15,32.5,18.4,25.45,Los Angeles,2017
2017-07-16,31.2,18.2,24.7,Los Angeles,2017
2017-07-17,31.5,19.2,25.35,Los Angeles,2017
2017-07-18,30.8,19.1,24.950000000000003,Los Angeles,2017
2017-07-19,31.9,18.8,25.35,Los Angeles,2017
2017-07-20,31.6,19.1,25.35,Los Angeles,2017
2017-07-21,30.8,18.1,24.450000000000003,Los Angeles,2017
2017-07-22,31.5,17.5,24.5,Los Angeles,2017
2017-07-23,30.7,18.9,24.799999999999997,Los Angeles,2017
2017-07-24,28.2,19.5,23.85,Los Angeles,2017
2017-07-25,26.0,19.9,22.95,Los Angeles,2017
2017-07-26,28.8,18.5,23.65,Los Angeles,2017
2017-07-27,29.8,17.7,23.75,Los Angeles,2017
2017-07-28,29.3,17.7,23.5,Los Angeles,2017
2017-07-29,29.9,17.2,23.549999999999997,Los Angeles,2017
2017-07-30,29.1,19.5,24.3,Los Angeles,2017
2017-07-31,30.2,17.0,23.6,Los Angeles,2017
2017-08-01,36.4,18.6,27.5,Los Angeles,2017
2017-08-02,33.6,21.7,27.65,Los Angeles,2017
2017-08-03,31.9,24.0,27.95,Los Angeles,2017
2017-08-04,32.3,21.2,26.75,Los Angeles,2017
2017-08-05,29.8,19.4,24.6,Los Angeles,2017
2017-08-06,29.4,19.2,24.299999999999997,Los Angeles,2017
2017-08-07,29.9,17.9,23.9,Los Angeles,2017
2017-08-08,32.6,18.6,25.6,Los Angeles,2017
2017-08-09,31.0,17.5,24.25,Los Angeles,2017
2017-08-10,31.5,18.2,24.85,Los Angeles,2017
2017-08-11,31.9,17.2,24.549999999999997,Los Angeles,2017
2017-08-12,32.0,17.9,24.95,Los Angeles,2017
2017-08-13,31.0,17.2,24.1,Los Angeles,2017
2017-08-14,28.8,17.8,23.3,Los Angeles,2017
2017-08-15,25.3,18.5,21.9,Los Angeles,2017
2017-08-16,27.1,18.3,22.700000000000003,Los Angeles,2017
2017-08-17,28.2,16.8,22.5,Los Angeles,2017
2017-08-18,28.5,16.8,22.65,Los Angeles,2017
2017-08-19,28.3,16.3,22.3,Los Angeles,2017
2017-08-20,28.7,17.3,23.0,Los Angeles,2017
2017-08-21,29.1,17.8,23.450000000000003,Los Angeles,2017
2017-08-22,29.7,16.9,23.299999999999997,Los Angeles,2017
2017-08-23,26.9,18.0,22.45,Los Angeles,2017
2017-08-24,27.6,17.2,22.4,Los Angeles,2017
2017-08-25,28.2,17.4,22.799999999999997,Los Angeles,2017
2017-08-26,31.4,16.7,24.049999999999997,Los Angeles,2017
2017-08-27,32.0,16.7,24.35,Los Angeles,2017
2017-08-28,34.1,17.3,25.700000000000003,Los Angeles,2017
2017-08-29,37.0,19.9,28.45,Los Angeles,2017
2017-08-30,37.4,20.2,28.799999999999997,Los Angeles,2017
2017-08-31,41.8,20.2,31.0,Los Angeles,2017
2018-06-01,25.6,12.2,18.9,Los Angeles,2018
2018-06-02,28.7,13.4,21.05,Los Angeles,2018
2018-06-03,30.1,14.1,22.1,Los Angeles,2018
2018-06-04,27.7,14.4,21.05,Los Angeles,2018
2018-06-05,25.1,14.6,19.85,Los Angeles,2018
2018-06-06,24.8,14.5,19.65,Los Angeles,2018
2018-06-07,25.6,12.8,19.200000000000003,Los Angeles,2018
2018-06-08,29.3,12.9,21.1,Los Angeles,2018
2018-06-09,28.9,15.6,22.25,Los Angeles,2018
2018-06-10,27.7,15.3,21.5,Los Angeles,2018
2018-06-11,29.8,15.6,22.7,Los Angeles,2018
2018-06-12,31.3,15.1,23.2,Los Angeles,2018
2018-06-13,30.0,15.5,22.75,Los Angeles,2018
2018-06-14,32.9,15.0,23.95,Los Angeles,2018
2018-06-15,28.4,15.5,21.95,Los Angeles,2018
2018-06-16,23.5,15.5,19.5,Los Angeles,2018
2018-06-17,21.5,15.3,18.4,Los Angeles,2018
2018-06-18,23.4,12.9,18.15,Los Angeles,2018
2018-06-19,27.1,12.9,20.0,Los Angeles,2018
2018-06-20,28.5,15.2,21.85,Los Angeles,2018
2018-06-21,28.2,15.8,22.0,Los Angeles,2018
2018-06-22,28.8,15.0,21.9,Los Angeles,2018
2018-06-23,25.2,15.9,20.55,Los Angeles,2018
2018-06-24,26.9,14.0,20.45,Los Angeles,2018
2018-06-25,26.1,15.3,20.700000000000003,Los Angeles,2018
2018-06-26,26.6,15.1,20.85,Los Angeles,2018
2018-06-27,28.4,15.5,21.95,Los Angeles,2018
2018-06-28,27.5,14.7,21.1,Los Angeles,2018
2018-06-29,26.0,16.8,21.4,Los Angeles,2018
2018-06-30,26.8,17.1,21.950000000000003,Los Angeles,2018
2018-07-01,27.6,16.4,22.0,Los Angeles,2018
2018-07-02,26.0,16.4,21.2,Los Angeles,2018
2018-07-03,26.4,15.8,21.1,Los Angeles,2018
2018-07-04,28.1,15.1,21.6,Los Angeles,2018
2018-07-05,34.0,15.0,24.5,Los Angeles,2018
2018-07-06,44.8,19.2,32.0,Los Angeles,2018
2018-07-07,40.6,24.5,32.55,Los Angeles,2018
2018-07-08,37.6,23.2,30.4,Los Angeles,2018
2018-07-09,35.4,23.0,29.2,Los Angeles,2018
2018-07-10,33.8,21.0,27.4,Los Angeles,2018
2018-07-11,32.4,20.8,26.6,Los Angeles,2018
2018-07-12,32.6,21.2,26.9,Los Angeles,2018
2018-07-13,31.4,19.5,25.45,Los Angeles,2018
2018-07-14,31.8,18.7,25.25,Los Angeles,2018
2018-07-15,32.2,19.4,25.8,Los Angeles,2018
2018-07-16,31.5,19.3,25.4,Los Angeles,2018
2018-07-17,31.2,18.8,25.0,Los Angeles,2018
2018-07-18,31.7,19.0,25.35,Los Angeles,2018
2018-07-19,31.2,20.4,25.799999999999997,Los Angeles,2018
2018-07-20,28.1,19.6,23.85,Los Angeles,2018
2018-07-21,29.1,18.5,23.8,Los Angeles,2018
2018-07-22,32.3,18.5,25.4,Los Angeles,2018
2018-07-23,36.9,20.5,28.7,Los Angeles,2018
2018-07-24,37.0,21.0,29.0,Los Angeles,2018
2018-07-25,36.2,21.0,28.6,Los Angeles,2018
2018-07-26,34.0,20.1,27.05,Los Angeles,2018
2018-07-27,32.5,19.0,25.75,Los Angeles,2018
2018-07-28,31.0,18.5,24.75,Los Angeles,2018
2018-07-29,33.1,19.0,26.05,Los Angeles,2018
2018-07-30,33.0,20.5,26.75,Los Angeles,2018
2018-07-31,33.6,19.6,26.6,Los Angeles,2018
2018-08-01,33.5,20.6,27.05,Los Angeles,2018
2018-08-02,33.0,20.4,26.7,Los Angeles,2018
2018-08-03,33.7,20.0,26.85,Los Angeles,2018
2018-08-04,33.7,18.3,26.0,Los Angeles,2018
2018-08-05,34.4,18.2,26.299999999999997,Los Angeles,2018
2018-08-06,36.1,18.6,27.35,Los Angeles,2018
2018-08-07,37.5,19.7,28.6,Los Angeles,2018
2018-08-08,36.6,19.9,28.25,Los Angeles,2018
2018-08-09,38.8,20.8,29.799999999999997,Los Angeles,2018
2018-08-10,34.1,21.4,27.75,Los Angeles,2018
2018-08-11,32.2,21.7,26.950000000000003,Los Angeles,2018
2018-08-12,31.8,19.8,25.8,Los Angeles,2018
2018-08-13,31.3,18.8,25.05,Los Angeles,2018
2018-08-14,28.9,18.2,23.549999999999997,Los Angeles,2018
2018-08-15,30.9,18.8,24.85,Los Angeles,2018
2018-08-16,31.8,20.2,26.0,Los Angeles,2018
2018-08-17,31.2,22.0,26.6,Los Angeles,2018
2018-08-18,31.7,20.5,26.1,Los Angeles,2018
2018-08-19,32.2,19.9,26.05,Los Angeles,2018
2018-08-20,31.5,19.8,25.65,Los Angeles,2018
2018-08-21,31.1,20.2,25.65,Los Angeles,2018
2018-08-22,29.7,19.3,24.5,Los Angeles,2018
2018-08-23,30.0,18.2,24.1,Los Angeles,2018
2018-08-24,29.1,17.1,23.1,Los Angeles,2018
2018-08-25,28.5,17.0,22.75,Los Angeles,2018
2018-08-26,28.0,17.7,22.85,Los Angeles,2018
2018-08-27,28.1,16.6,22.35,Los Angeles,2018
2018-08-28,28.6,16.7,22.65,Los Angeles,2018
2018-08-29,30.8,17.9,24.35,Los Angeles,2018
2018-08-30,32.0,16.0,24.0,Los Angeles,2018
2018-08-31,30.7,17.0,23.85,Los Angeles,2018
2019-06-01,23.5,14.0,18.75,Los Angeles,2019
2019-06-02,22.6,12.9,17.75,Los Angeles,2019
2019-06-03,23.5,12.9,18.2,Los Angeles,2019
2019-06-04,25.8,12.9,19.35,Los Angeles,2019
2019-06-05,26.6,13.2,19.9,Los Angeles,2019
2019-06-06,26.2,14.6,20.4,Los Angeles,2019
2019-06-07,25.3,15.1,20.2,Los Angeles,2019
2019-06-08,28.0,14.2,21.1,Los Angeles,2019
2019-06-09,31.1,14.0,22.55,Los Angeles,2019
2019-06-10,36.1,14.8,25.450000000000003,Los Angeles,2019
2019-06-11,34.2,16.2,25.200000000000003,Los Angeles,2019
2019-06-12,31.2,16.2,23.7,Los Angeles,2019
2019-06-13,25.0,15.0,20.0,Los Angeles,2019
2019-06-14,23.8,15.1,19.45,Los Angeles,2019
2019-06-15,25.4,14.0,19.7,Los Angeles,2019
2019-06-16,24.4,13.2,18.799999999999997,Los Angeles,2019
2019-06-17,24.5,15.6,20.05,Los Angeles,2019
2019-06-18,24.7,15.5,20.1,Los Angeles,2019
2019-06-19,24.8,13.9,19.35,Los Angeles,2019
2019-06-20,24.2,14.8,19.5,Los Angeles,2019
2019-06-21,21.5,16.5,19.0,Los Angeles,2019
2019-06-22,24.4,15.9,20.15,Los Angeles,2019
2019-06-23,25.7,14.7,20.2,Los Angeles,2019
2019-06-24,25.1,14.8,19.950000000000003,Los Angeles,2019
2019-06-25,23.9,15.3,19.6,Los Angeles,2019
2019-06-26,24.5,16.7,20.6,Los Angeles,2019
2019-06-27,26.7,14.3,20.5,Los Angeles,2019
2019-06-28,28.3,15.4,21.85,Los Angeles,2019
2019-06-29,30.3,15.0,22.65,Los Angeles,2019
2019-06-30,30.6,15.9,23.25,Los Angeles,2019
2019-07-01,30.2,14.9,22.55,Los Angeles,2019
2019-07-02,29.7,15.9,22.8,Los Angeles,2019
2019-07-03,27.5,16.7,22.1,Los Angeles,2019
2019-07-04,26.3,16.8,21.55,Los Angeles,2019
2019-07-05,27.1,14.7,20.9,Los Angeles,2019
2019-07-06,28.9,15.3,22.1,Los Angeles,2019
2019-07-07,25.9,16.3,21.1,Los Angeles,2019
2019-07-08,25.6,16.6,21.1,Los Angeles,2019
2019-07-09,27.2,15.6,21.4,Los Angeles,2019
2019-07-10,28.3,15.4,21.85,Los Angeles,2019
2019-07-11,30.3,15.5,22.9,Los Angeles,2019
2019-07-12,32.4,16.4,24.4,Los Angeles,2019
2019-07-13,32.6,16.3,24.450000000000003,Los Angeles,2019
2019-07-14,31.0,16.2,23.6,Los Angeles,2019
2019-07-15,31.4,16.1,23.75,Los Angeles,2019
2019-07-16,32.1,16.6,24.35,Los Angeles,2019
2019-07-17,29.0,16.9,22.95,Los Angeles,2019
2019-07-18,28.3,17.5,22.9,Los Angeles,2019
2019-07-19,26.2,16.2,21.2,Los Angeles,2019
2019-07-20,26.9,15.4,21.15,Los Angeles,2019
2019-07-21,29.8,15.7,22.75,Los Angeles,2019
2019-07-22,32.6,16.1,24.35,Los Angeles,2019
2019-07-23,38.2,19.6,28.900000000000002,Los Angeles,2019
2019-07-24,35.6,20.5,28.05,Los Angeles,2019
2019-07-25,32.4,22.1,27.25,Los Angeles,2019
2019-07-26,34.3,20.0,27.15,Los Angeles,2019
2019-07-27,35.0,19.3,27.15,Los Angeles,2019
2019-07-28,32.8,17.5,25.15,Los Angeles,2019
2019-07-29,30.1,17.8,23.950000000000003,Los Angeles,2019
2019-07-30,30.0,17.1,23.55,Los Angeles,2019
2019-07-31,29.1,17.5,23.3,Los Angeles,2019
2019-08-01,30.8,17.1,23.950000000000003,Los Angeles,2019
2019-08-02,32.8,15.9,24.349999999999998,Los Angeles,2019
2019-08-03,32.3,16.8,24.549999999999997,Los Angeles,2019
2019-08-04,33.4,17.5,25.45,Los Angeles,2019
2019-08-05,32.5,16.5,24.5,Los Angeles,2019
2019-08-06,33.7,17.1,25.400000000000002,Los Angeles,2019
2019-08-07,30.1,16.9,23.5,Los Angeles,2019
2019-08-08,29.1,16.5,22.8,Los Angeles,2019
2019-08-09,31.0,15.3,23.15,Los Angeles,2019
2019-08-10,29.4,15.8,22.6,Los Angeles,2019
2019-08-11,29.8,17.1,23.450000000000003,Los Angeles,2019
2019-08-12,30.1,16.6,23.35,Los Angeles,2019
2019-08-13,30.7,16.5,23.6,Los Angeles,2019
2019-08-14,32.5,15.9,24.2,Los Angeles,2019
2019-08-15,31.3,14.8,23.05,Los Angeles,2019
2019-08-16,30.1,15.1,22.6,Los Angeles,2019
2019-08-17,27.9,16.5,22.2,Los Angeles,2019
2019-08-18,27.8,15.4,21.6,Los Angeles,2019
2019-08-19,28.2,15.8,22.0,Los Angeles,2019
2019-08-20,30.2,15.8,23.0,Los Angeles,2019
2019-08-21,32.4,15.8,24.1,Los Angeles,2019
2019-08-22,30.5,16.5,23.5,Los Angeles,2019
2019-08-23,28.8,16.6,22.700000000000003,Los Angeles,2019
2019-08-24,30.9,17.3,24.1,Los Angeles,2019
2019-08-25,32.0,17.5,24.75,Los Angeles,2019
2019-08-26,33.1,19.9,26.5,Los Angeles,2019
2019-08-27,31.9,19.3,25.6,Los Angeles,2019
2019-08-28,30.6,19.2,24.9,Los Angeles,2019
2019-08-29,31.9,18.9,25.4,Los Angeles,2019
2019-08-30,33.5,18.9,26.2,Los Angeles,2019
2019-08-31,33.4,17.3,25.35,Los Angeles,2019
2020-06-01,31.6,15.7,23.65,Los Angeles,2020
2020-06-02,31.8,15.9,23.85,Los Angeles,2020
2020-06-03,36.7,16.0,26.35,Los Angeles,2020
2020-06-04,27.7,15.9,21.8,Los Angeles,2020
2020-06-05,24.0,16.5,20.25,Los Angeles,2020
2020-06-06,24.1,15.9,20.0,Los Angeles,2020
2020-06-07,27.1,14.0,20.55,Los Angeles,2020
2020-06-08,32.0,16.3,24.15,Los Angeles,2020
2020-06-09,36.0,15.7,25.85,Los Angeles,2020
2020-06-10,37.0,19.5,28.25,Los Angeles,2020
2020-06-11,34.3,16.8,25.549999999999997,Los Angeles,2020
2020-06-12,27.5,14.5,21.0,Los Angeles,2020
2020-06-13,26.2,14.1,20.15,Los Angeles,2020
2020-06-14,27.8,14.4,21.1,Los Angeles,2020
2020-06-15,28.6,15.8,22.200000000000003,Los Angeles,2020
2020-06-16,25.9,16.0,20.95,Los Angeles,2020
2020-06-17,25.9,16.9,21.4,Los Angeles,2020
2020-06-18,26.1,15.8,20.950000000000003,Los Angeles,2020
2020-06-19,25.1,16.3,20.700000000000003,Los Angeles,2020
2020-06-20,24.9,14.6,19.75,Los Angeles,2020
2020-06-21,25.7,15.4,20.55,Los Angeles,2020
2020-06-22,28.0,14.8,21.4,Los Angeles,2020
2020-06-23,28.3,15.3,21.8,Los Angeles,2020
2020-06-24,28.1,15.5,21.8,Los Angeles,2020
2020-06-25,27.1,15.9,21.5,Los Angeles,2020
2020-06-26,27.4,15.9,21.65,Los Angeles,2020
2020-06-27,26.6,14.9,20.75,Los Angeles,2020
2020-06-28,23.6,17.6,20.6,Los Angeles,2020
2020-06-29,24.8,16.7,20.75,Los Angeles,2020
2020-06-30,25.9,14.3,20.1,Los Angeles,2020
2020-07-01,26.0,16.3,21.15,Los Angeles,2020
2020-07-02,27.8,16.1,21.950000000000003,Los Angeles,2020
2020-07-03,29.9,15.0,22.45,Los Angeles,2020
2020-07-04,31.4,16.1,23.75,Los Angeles,2020
2020-07-05,34.1,16.5,25.3,Los Angeles,2020
2020-07-06,33.8,16.4,25.099999999999998,Los Angeles,2020
2020-07-07,32.4,16.3,24.35,Los Angeles,2020
2020-07-08,30.5,16.6,23.55,Los Angeles,2020
2020-07-09,30.0,16.8,23.4,Los Angeles,2020
2020-07-10,32.5,15.7,24.1,Los Angeles,2020
2020-07-11,35.3,16.9,26.099999999999998,Los Angeles,2020
2020-07-12,35.0,18.7,26.85,Los Angeles,2020
2020-07-13,32.5,19.1,25.8,Los Angeles,2020
2020-07-14,28.6,17.2,22.9,Los Angeles,2020
2020-07-15,26.7,16.0,21.35,Los Angeles,2020
2020-07-16,27.8,14.8,21.3,Los Angeles,2020
2020-07-17,27.5,15.1,21.3,Los Angeles,2020
2020-07-18,29.4,15.5,22.45,Los Angeles,2020
2020-07-19,29.6,14.9,22.25,Los Angeles,2020
2020-07-20,29.9,15.4,22.65,Los Angeles,2020
2020-07-21,29.4,15.4,22.4,Los Angeles,2020
2020-07-22,26.2,15.4,20.8,Los Angeles,2020
2020-07-23,26.3,14.7,20.5,Los Angeles,2020
2020-07-24,27.4,14.5,20.95,Los Angeles,2020
2020-07-25,29.1,14.7,21.9,Los Angeles,2020
2020-07-26,29.2,14.8,22.0,Los Angeles,2020
2020-07-27,28.3,15.5,21.9,Los Angeles,2020
2020-07-28,29.0,14.6,21.8,Los Angeles,2020
2020-07-29,29.9,14.7,22.299999999999997,Los Angeles,2020
2020-07-30,31.8,14.4,23.1,Los Angeles,2020
2020-07-31,34.0,17.4,25.7,Los Angeles,2020
2020-08-01,34.6,17.5,26.05,Los Angeles,2020
2020-08-02,33.9,16.5,25.2,Los Angeles,2020
2020-08-03,32.3,15.8,24.049999999999997,Los Angeles,2020
2020-08-04,29.2,17.0,23.1,Los Angeles,2020
2020-08-05,28.0,17.3,22.65,Los Angeles,2020
2020-08-06,27.4,16.7,22.049999999999997,Los Angeles,2020
2020-08-07,28.1,15.1,21.6,Los Angeles,2020
2020-08-08,28.7,15.4,22.05,Los Angeles,2020
2020-08-09,29.0,15.2,22.1,Los Angeles,2020
2020-08-10,29.2,14.7,21.95,Los Angeles,2020
2020-08-11,29.7,14.5,22.1,Los Angeles,2020
2020-08-12,34.0,13.5,23.75,Los Angeles,2020
2020-08-13,34.6,18.0,26.3,Los Angeles,2020
2020-08-14,36.9,20.0,28.45,Los Angeles,2020
2020-08-15,40.1,22.4,31.25,Los Angeles,2020
2020-08-16,35.5,20.7,28.1,Los Angeles,2020
2020-08-17,36.5,21.1,28.8,Los Angeles,2020
2020-08-18,41.0,21.0,31.0,Los Angeles,2020
2020-08-19,37.0,22.6,29.8,Los Angeles,2020
2020-08-20,37.4,21.1,29.25,Los Angeles,2020
2020-08-21,34.4,20.2,27.299999999999997,Los Angeles,2020
2020-08-22,35.9,23.3,29.6,Los Angeles,2020
2020-08-23,33.3,22.9,28.099999999999998,Los Angeles,2020
2020-08-24,31.8,21.0,26.4,Los Angeles,2020
2020-08-25,34.0,19.6,26.8,Los Angeles,2020
2020-08-26,34.5,19.1,26.8,Los Angeles,2020
2020-08-27,35.4,19.1,27.25,Los Angeles,2020
2020-08-28,32.5,17.0,24.75,Los Angeles,2020
2020-08-29,28.5,16.1,22.3,Los Angeles,2020
2020-08-30,27.6,15.6,21.6,Los Angeles,2020
2020-08-31,26.7,15.2,20.95,Los Angeles,2020
2021-06-01,27.4,13.3,20.35,Los Angeles,2021
2021-06-02,26.9,12.7,19.799999999999997,Los Angeles,2021
2021-06-03,27.2,14.1,20.65,Los Angeles,2021
2021-06-04,27.5,13.1,20.3,Los Angeles,2021
2021-06-05,26.4,14.4,20.4,Los Angeles,2021
2021-06-06,24.4,13.5,18.95,Los Angeles,2021
2021-06-07,20.8,15.5,18.15,Los Angeles,2021
2021-06-08,24.1,14.4,19.25,Los Angeles,2021
2021-06-09,25.7,12.6,19.15,Los Angeles,2021
2021-06-10,27.4,12.6,20.0,Los Angeles,2021
2021-06-11,28.7,12.8,20.75,Los Angeles,2021
2021-06-12,30.7,14.3,22.5,Los Angeles,2021
2021-06-13,30.9,14.4,22.65,Los Angeles,2021
2021-06-14,33.4,15.0,24.2,Los Angeles,2021
2021-06-15,35.7,15.9,25.8,Los Angeles,2021
2021-06-16,31.0,16.6,23.8,Los Angeles,2021
2021-06-17,33.6,17.0,25.3,Los Angeles,2021
2021-06-18,31.8,16.6,24.200000000000003,Los Angeles,2021
2021-06-19,28.4,16.4,22.4,Los Angeles,2021
2021-06-20,28.6,14.9,21.75,Los Angeles,2021
2021-06-21,28.9,14.4,21.65,Los Angeles,2021
2021-06-22,29.4,14.5,21.95,Los Angeles,2021
2021-06-23,30.1,15.6,22.85,Los Angeles,2021
2021-06-24,26.6,15.2,20.9,Los Angeles,2021
2021-06-25,27.9,14.2,21.049999999999997,Los Angeles,2021
2021-06-26,31.5,15.4,23.45,Los Angeles,2021
2021-06-27,32.4,15.8,24.1,Los Angeles,2021
2021-06-28,29.7,16.6,23.15,Los Angeles,2021
2021-06-29,28.8,16.8,22.8,Los Angeles,2021
2021-06-30,29.8,17.3,23.55,Los Angeles,2021
2021-07-01,31.2,16.7,23.95,Los Angeles,2021
2021-07-02,31.7,15.9,23.8,Los Angeles,2021
2021-07-03,29.9,16.6,23.25,Los Angeles,2021
2021-07-04,28.5,15.7,22.1,Los Angeles,2021
2021-07-05,29.2,15.2,22.2,Los Angeles,2021
2021-07-06,30.1,15.4,22.75,Los Angeles,2021
2021-07-07,30.2,16.2,23.2,Los Angeles,2021
2021-07-08,32.6,16.7,24.65,Los Angeles,2021
2021-07-09,31.8,18.3,25.05,Los Angeles,2021
2021-07-10,32.1,18.7,25.4,Los Angeles,2021
2021-07-11,33.2,18.3,25.75,Los Angeles,2021
2021-07-12,32.3,18.2,25.25,Los Angeles,2021
2021-07-13,29.3,18.2,23.75,Los Angeles,2021
2021-07-14,31.3,18.6,24.950000000000003,Los Angeles,2021
2021-07-15,30.7,17.4,24.049999999999997,Los Angeles,2021
2021-07-16,29.3,17.0,23.15,Los Angeles,2021
2021-07-17,31.7,17.4,24.549999999999997,Los Angeles,2021
2021-07-18,33.0,18.1,25.55,Los Angeles,2021
2021-07-19,32.6,18.8,25.700000000000003,Los Angeles,2021
2021-07-20,32.9,18.0,25.45,Los Angeles,2021
2021-07-21,34.9,19.1,27.0,Los Angeles,2021
2021-07-22,32.4,18.8,25.6,Los Angeles,2021
2021-07-23,31.0,18.1,24.55,Los Angeles,2021
2021-07-24,28.8,17.3,23.05,Los Angeles,2021
2021-07-25,27.5,17.4,22.45,Los Angeles,2021
2021-07-26,25.1,18.0,21.55,Los Angeles,2021
2021-07-27,28.8,18.2,23.5,Los Angeles,2021
2021-07-28,31.8,16.7,24.25,Los Angeles,2021
2021-07-29,30.4,16.3,23.35,Los Angeles,2021
2021-07-30,32.3,15.4,23.849999999999998,Los Angeles,2021
2021-07-31,30.9,15.6,23.25,Los Angeles,2021
2021-08-01,32.8,15.7,24.25,Los Angeles,2021
2021-08-02,34.7,15.5,25.1,Los Angeles,2021
2021-08-03,34.9,15.4,25.15,Los Angeles,2021
2021-08-04,33.0,16.0,24.5,Los Angeles,2021
2021-08-05,32.5,16.1,24.3,Los Angeles,2021
2021-08-06,30.2,16.9,23.549999999999997,Los Angeles,2021
2021-08-07,29.9,16.3,23.1,Los Angeles,2021
2021-08-08,29.4,15.9,22.65,Los Angeles,2021
2021-08-09,30.2,15.7,22.95,Los Angeles,2021
2021-08-10,32.2,16.4,24.3,Los Angeles,2021
2021-08-11,33.4,18.2,25.799999999999997,Los Angeles,2021
2021-08-12,33.9,18.3,26.1,Los Angeles,2021
2021-08-13,32.4,19.0,25.7,Los Angeles,2021
2021-08-14,32.7,18.4,25.55,Los Angeles,2021
2021-08-15,33.7,18.2,25.950000000000003,Los Angeles,2021
2021-08-16,33.4,18.5,25.95,Los Angeles,2021
2021-08-17,30.8,19.3,25.05,Los Angeles,2021
2021-08-18,25.9,20.0,22.95,Los Angeles,2021
2021-08-19,27.6,19.3,23.450000000000003,Los Angeles,2021
2021-08-20,27.9,18.1,23.0,Los Angeles,2021
2021-08-21,24.4,17.9,21.15,Los Angeles,2021
2021-08-22,26.2,16.9,21.549999999999997,Los Angeles,2021
2021-08-23,27.6,15.6,21.6,Los Angeles,2021
2021-08-24,28.1,15.5,21.8,Los Angeles,2021
2021-08-25,31.5,16.3,23.9,Los Angeles,2021
2021-08-26,36.3,18.0,27.15,Los Angeles,2021
2021-08-27,36.2,15.5,25.85,Los Angeles,2021
2021-08-28,33.5,15.6,24.55,Los Angeles,2021
2021-08-29,30.7,15.5,23.1,Los Angeles,2021
2021-08-30,29.0,16.5,22.75,Los Angeles,2021
2021-08-31,27.3,16.5,21.9,Los Angeles,2021
2022-06-01,30.4,13.5,21.95,Los Angeles,2022
2022-06-02,29.2,14.7,21.95,Los Angeles,2022
2022-06-03,25.9,14.6,20.25,Los Angeles,2022
2022-06-04,26.5,15.6,21.05,Los Angeles,2022
2022-06-05,26.6,15.6,21.1,Los Angeles,2022
2022-06-06,28.1,16.6,22.35,Los Angeles,2022
2022-06-07,28.4,16.6,22.5,Los Angeles,2022
2022-06-08,29.3,16.0,22.65,Los Angeles,2022
2022-06-09,30.9,16.0,23.45,Los Angeles,2022
2022-06-10,31.5,16.3,23.9,Los Angeles,2022
2022-06-11,28.4,15.3,21.85,Los Angeles,2022
2022-06-12,28.1,15.0,21.55,Los Angeles,2022
2022-06-13,28.0,16.6,22.3,Los Angeles,2022
2022-06-14,28.3,17.6,22.950000000000003,Los Angeles,2022
2022-06-15,30.8,16.2,23.5,Los Angeles,2022
2022-06-16,30.1,16.2,23.15,Los Angeles,2022
2022-06-17,26.4,16.7,21.549999999999997,Los Angeles,2022
2022-06-18,26.0,14.0,20.0,Los Angeles,2022
2022-06-19,27.8,14.4,21.1,Los Angeles,2022
2022-06-20,34.9,14.9,24.9,Los Angeles,2022
2022-06-21,32.5,16.4,24.45,Los Angeles,2022
2022-06-22,30.8,15.8,23.3,Los Angeles,2022
2022-06-23,28.8,16.3,22.55,Los Angeles,2022
2022-06-24,29.2,14.5,21.85,Los Angeles,2022
2022-06-25,29.3,13.7,21.5,Los Angeles,2022
2022-06-26,31.7,14.2,22.95,Los Angeles,2022
2022-06-27,33.8,15.3,24.549999999999997,Los Angeles,2022
2022-06-28,33.7,17.5,25.6,Los Angeles,2022
2022-06-29,33.1,16.7,24.9,Los Angeles,2022
2022-06-30,31.4,17.3,24.35,Los Angeles,2022
2022-07-01,31.0,16.1,23.55,Los Angeles,2022
2022-07-02,28.1,16.1,22.1,Los Angeles,2022
2022-07-03,26.7,15.5,21.1,Los Angeles,2022
2022-07-04,26.9,15.0,20.95,Los Angeles,2022
2022-07-05,27.4,16.2,21.799999999999997,Los Angeles,2022
2022-07-06,27.8,17.4,22.6,Los Angeles,2022
2022-07-07,30.2,15.3,22.75,Los Angeles,2022
2022-07-08,29.4,15.8,22.6,Los Angeles,2022
2022-07-09,29.2,15.5,22.35,Los Angeles,2022
2022-07-10,31.9,15.9,23.9,Los Angeles,2022
2022-07-11,28.4,15.3,21.85,Los Angeles,2022
2022-07-12,26.4,15.1,20.75,Los Angeles,2022
2022-07-13,27.4,14.2,20.799999999999997,Los Angeles,2022
2022-07-14,27.5,15.8,21.65,Los Angeles,2022
2022-07-15,30.5,17.0,23.75,Los Angeles,2022
2022-07-16,33.4,17.4,25.4,Los Angeles,2022
2022-07-17,33.4,18.1,25.75,Los Angeles,2022
2022-07-18,32.4,18.9,25.65,Los Angeles,2022
2022-07-19,32.5,17.8,25.15,Los Angeles,2022
2022-07-20,32.9,18.2,25.549999999999997,Los Angeles,2022
2022-07-21,32.4,17.8,25.1,Los Angeles,2022
2022-07-22,31.0,16.2,23.6,Los Angeles,2022
2022-07-23,29.5,16.8,23.15,Los Angeles,2022
2022-07-24,28.7,17.6,23.15,Los Angeles,2022
2022-07-25,29.5,16.8,23.15,Los Angeles,2022
2022-07-26,28.3,16.8,22.55,Los Angeles,2022
2022-07-27,28.4,16.1,22.25,Los Angeles,2022
2022-07-28,30.3,16.6,23.450000000000003,Los Angeles,2022
2022-07-29,30.3,17.2,23.75,Los Angeles,2022
2022-07-30,31.4,18.5,24.95,Los Angeles,2022
2022-07-31,31.4,19.8,25.6,Los Angeles,2022
2022-08-01,30.4,19.4,24.9,Los Angeles,2022
2022-08-02,29.3,18.0,23.65,Los Angeles,2022
2022-08-03,31.9,17.3,24.6,Los Angeles,2022
2022-08-04,30.4,19.1,24.75,Los Angeles,2022
2022-08-05,31.5,19.4,25.45,Los Angeles,2022
2022-08-06,33.1,17.0,25.05,Los Angeles,2022
2022-08-07,36.0,17.3,26.65,Los Angeles,2022
2022-08-08,33.8,18.8,26.299999999999997,Los Angeles,2022
2022-08-09,33.9,20.6,27.25,Los Angeles,2022
2022-08-10,34.5,20.5,27.5,Los Angeles,2022
2022-08-11,34.1,19.3,26.700000000000003,Los Angeles,2022
2022-08-12,33.8,17.6,25.7,Los Angeles,2022
2022-08-13,34.4,18.3,26.35,Los Angeles,2022
2022-08-14,34.0,18.6,26.3,Los Angeles,2022
2022-08-15,32.9,17.6,25.25,Los Angeles,2022
2022-08-16,33.2,17.5,25.35,Los Angeles,2022
2022-08-17,32.4,18.6,25.5,Los Angeles,2022
2022-08-18,30.6,17.5,24.05,Los Angeles,2022
2022-08-19,31.3,16.7,24.0,Los Angeles,2022
2022-08-20,29.6,18.5,24.05,Los Angeles,2022
2022-08-21,28.7,19.2,23.95,Los Angeles,2022
2022-08-22,29.8,17.8,23.8,Los Angeles,2022
2022-08-23,31.8,16.5,24.15,Los Angeles,2022
2022-08-24,31.9,18.4,25.15,Los Angeles,2022
2022-08-25,32.3,19.3,25.799999999999997,Los Angeles,2022
2022-08-26,29.7,17.9,23.799999999999997,Los Angeles,2022
2022-08-27,28.2,17.7,22.95,Los Angeles,2022
2022-08-28,28.0,18.6,23.3,Los Angeles,2022
2022-08-29,28.5,17.2,22.85,Los Angeles,2022
2022-08-30,33.7,16.9,25.3,Los Angeles,2022
2022-08-31,39.2,18.7,28.950000000000003,Los Angeles,2022
2023-06-01,20.2,14.9,17.55,Los Angeles,2023
2023-06-02,22.3,14.1,18.2,Los Angeles,2023
2023-06-03,24.0,11.4,17.7,Los Angeles,2023
2023-06-04,23.6,13.9,18.75,Los Angeles,2023
2023-06-05,20.9,14.9,17.9,Los Angeles,2023
2023-06-06,22.1,14.3,18.200000000000003,Los Angeles,2023
2023-06-07,20.8,14.3,17.55,Los Angeles,2023
2023-06-08,23.4,12.1,17.75,Los Angeles,2023
2023-06-09,22.6,13.9,18.25,Los Angeles,2023
2023-06-10,21.4,14.4,17.9,Los Angeles,2023
2023-06-11,21.2,15.3,18.25,Los Angeles,2023
2023-06-12,21.1,15.1,18.1,Los Angeles,2023
2023-06-13,22.5,13.2,17.85,Los Angeles,2023
2023-06-14,23.0,13.6,18.3,Los Angeles,2023
2023-06-15,22.5,15.4,18.95,Los Angeles,2023
2023-06-16,25.4,16.0,20.7,Los Angeles,2023
2023-06-17,27.1,15.0,21.05,Los Angeles,2023
2023-06-18,25.3,16.0,20.65,Los Angeles,2023
2023-06-19,24.7,16.2,20.45,Los Angeles,2023
2023-06-20,25.9,13.5,19.7,Los Angeles,2023
2023-06-21,27.2,14.3,20.75,Los Angeles,2023
2023-06-22,23.6,13.6,18.6,Los Angeles,2023
2023-06-23,23.7,12.7,18.2,Los Angeles,2023
2023-06-24,25.4,12.0,18.7,Los Angeles,2023
2023-06-25,24.1,13.1,18.6,Los Angeles,2023
2023-06-26,25.8,12.6,19.2,Los Angeles,2023
2023-06-27,26.2,13.4,19.8,Los Angeles,2023
2023-06-28,24.8,13.6,19.2,Los Angeles,2023
2023-06-29,26.5,13.8,20.15,Los Angeles,2023
2023-06-30,28.6,14.4,21.5,Los Angeles,2023
2023-07-01,29.4,14.6,22.0,Los Angeles,2023
2023-07-02,30.1,14.5,22.3,Los Angeles,2023
2023-07-03,29.8,14.3,22.05,Los Angeles,2023
2023-07-04,26.6,14.2,20.4,Los Angeles,2023
2023-07-05,25.8,13.4,19.6,Los Angeles,2023
2023-07-06,25.6,13.4,19.5,Los Angeles,2023
2023-07-07,26.6,14.2,20.4,Los Angeles,2023
2023-07-08,26.9,13.3,20.1,Los Angeles,2023
2023-07-09,26.2,14.2,20.2,Los Angeles,2023
2023-07-10,30.2,14.5,22.35,Los Angeles,2023
2023-07-11,31.7,15.3,23.5,Los Angeles,2023
2023-07-12,33.2,17.5,25.35,Los Angeles,2023
2023-07-13,33.4,17.9,25.65,Los Angeles,2023
2023-07-14,34.2,16.2,25.200000000000003,Los Angeles,2023
2023-07-15,32.4,16.0,24.2,Los Angeles,2023
2023-07-16,33.0,17.5,25.25,Los Angeles,2023
2023-07-17,31.4,18.2,24.799999999999997,Los Angeles,2023
2023-07-18,31.9,18.3,25.1,Los Angeles,2023
2023-07-19,33.2,18.5,25.85,Los Angeles,2023
2023-07-20,34.0,18.1,26.05,Los Angeles,2023
2023-07-21,32.6,16.9,24.75,Los Angeles,2023
2023-07-22,32.7,16.1,24.400000000000002,Los Angeles,2023
2023-07-23,33.8,17.2,25.5,Los Angeles,2023
2023-07-24,33.0,18.2,25.6,Los Angeles,2023
2023-07-25,35.7,18.5,27.1,Los Angeles,2023
2023-07-26,35.9,19.2,27.549999999999997,Los Angeles,2023
2023-07-27,35.8,18.8,27.299999999999997,Los Angeles,2023
2023-07-28,33.3,18.2,25.75,Los Angeles,2023
2023-07-29,34.7,18.5,26.6,Los Angeles,2023
2023-07-30,33.5,19.5,26.5,Los Angeles,2023
2023-07-31,36.0,20.5,28.25,Los Angeles,2023
2023-08-01,33.1,21.2,27.15,Los Angeles,2023
2023-08-02,31.9,18.3,25.1,Los Angeles,2023
2023-08-03,30.2,15.9,23.05,Los Angeles,2023
2023-08-04,29.9,16.9,23.4,Los Angeles,2023
2023-08-05,33.1,17.1,25.1,Los Angeles,2023
2023-08-06,34.6,16.7,25.65,Los Angeles,2023
2023-08-07,33.2,16.7,24.950000000000003,Los Angeles,2023
2023-08-08,30.8,16.8,23.8,Los Angeles,2023
2023-08-09,28.7,19.4,24.049999999999997,Los Angeles,2023
2023-08-10,27.1,19.1,23.1,Los Angeles,2023
2023-08-11,27.0,18.2,22.6,Los Angeles,2023
2023-08-12,28.8,17.8,23.3,Los Angeles,2023
2023-08-13,28.6,17.8,23.200000000000003,Los Angeles,2023
2023-08-14,28.8,18.1,23.450000000000003,Los Angeles,2023
2023-08-15,31.1,17.1,24.1,Los Angeles,2023
2023-08-16,34.1,18.7,26.4,Los Angeles,2023
2023-08-17,32.0,17.2,24.6,Los Angeles,2023
2023-08-18,31.3,16.0,23.65,Los Angeles,2023
2023-08-19,27.5,15.7,21.6,Los Angeles,2023
2023-08-20,25.7,21.1,23.4,Los Angeles,2023
2023-08-21,25.0,17.9,21.45,Los Angeles,2023
2023-08-22,26.6,17.1,21.85,Los Angeles,2023
2023-08-23,27.2,17.1,22.15,Los Angeles,2023
2023-08-24,25.3,17.2,21.25,Los Angeles,2023
2023-08-25,25.8,16.2,21.0,Los Angeles,2023
2023-08-26,28.2,15.5,21.85,Los Angeles,2023
2023-08-27,30.9,16.7,23.799999999999997,Los Angeles,2023
2023-08-28,34.5,18.3,26.4,Los Angeles,2023
2023-08-29,34.7,17.7,26.200000000000003,Los Angeles,2023
2023-08-30,35.8,17.6,26.7,Los Angeles,2023
2023-08-31,29.1,17.9,23.5,Los Angeles,2023
2024-06-01,23.8,13.1,18.45,Los Angeles,2024
2024-06-02,23.1,13.9,18.5,Los Angeles,2024
2024-06-03,24.9,14.6,19.75,Los Angeles,2024
2024-06-04,26.7,13.7,20.2,Los Angeles,2024
2024-06-05,27.4,13.7,20.549999999999997,Los Angeles,2024
2024-06-06,25.7,14.8,20.25,Los Angeles,2024
2024-06-07,26.3,14.7,20.5,Los Angeles,2024
2024-06-08,24.8,15.8,20.3,Los Angeles,2024
2024-06-09,24.0,15.5,19.75,Los Angeles,2024
2024-06-10,25.9,12.7,19.299999999999997,Los Angeles,2024
2024-06-11,25.0,13.2,19.1,Los Angeles,2024
2024-06-12,26.9,14.3,20.6,Los Angeles,2024
2024-06-13,25.4,13.3,19.35,Los Angeles,2024
2024-06-14,27.7,13.4,20.55,Los Angeles,2024
2024-06-15,29.1,14.1,21.6,Los Angeles,2024
2024-06-16,28.7,14.8,21.75,Los Angeles,2024
2024-06-17,25.5,14.7,20.1,Los Angeles,2024
2024-06-18,27.2,14.4,20.8,Los Angeles,2024
2024-06-19,27.3,15.6,21.45,Los Angeles,2024
2024-06-20,27.8,14.7,21.25,Los Angeles,2024
2024-06-21,29.2,14.2,21.7,Los Angeles,2024
2024-06-22,32.0,15.1,23.55,Los Angeles,2024
2024-06-23,31.8,17.9,24.85,Los Angeles,2024
2024-06-24,33.1,19.7,26.4,Los Angeles,2024
2024-06-25,29.2,18.2,23.7,Los Angeles,2024
2024-06-26,29.6,17.0,23.3,Los Angeles,2024
2024-06-27,30.0,16.6,23.3,Los Angeles,2024
2024-06-28,29.2,16.3,22.75,Los Angeles,2024
2024-06-29,29.2,15.3,22.25,Los Angeles,2024
2024-06-30,32.0,14.6,23.3,Los Angeles,2024
2024-07-01,31.4,15.9,23.65,Los Angeles,2024
2024-07-02,30.8,15.5,23.15,Los Angeles,2024
2024-07-03,29.7,15.4,22.55,Los Angeles,2024
2024-07-04,29.0,15.4,22.2,Los Angeles,2024
2024-07-05,34.4,16.4,25.4,Los Angeles,2024
2024-07-06,32.1,17.7,24.9,Los Angeles,2024
2024-07-07,31.0,17.9,24.45,Los Angeles,2024
2024-07-08,28.9,16.3,22.6,Los Angeles,2024
2024-07-09,33.0,15.4,24.2,Los Angeles,2024
2024-07-10,34.9,16.5,25.7,Los Angeles,2024
2024-07-11,31.9,16.0,23.95,Los Angeles,2024
2024-07-12,30.4,15.8,23.1,Los Angeles,2024
2024-07-13,30.6,16.7,23.65,Los Angeles,2024
2024-07-14,29.4,17.5,23.45,Los Angeles,2024
2024-07-15,29.1,16.9,23.0,Los Angeles,2024
2024-07-16,28.7,16.3,22.5,Los Angeles,2024
2024-07-17,30.4,17.1,23.75,Los Angeles,2024
2024-07-18,31.2,17.9,24.549999999999997,Los Angeles,2024
2024-07-19,33.6,16.6,25.1,Los Angeles,2024
2024-07-20,35.6,16.6,26.1,Los Angeles,2024
2024-07-21,33.7,18.1,25.900000000000002,Los Angeles,2024
2024-07-22,31.8,18.1,24.950000000000003,Los Angeles,2024
2024-07-23,32.4,18.7,25.549999999999997,Los Angeles,2024
2024-07-24,32.8,19.2,26.0,Los Angeles,2024
2024-07-25,35.5,19.3,27.4,Los Angeles,2024
2024-07-26,33.8,17.8,25.799999999999997,Los Angeles,2024
2024-07-27,30.7,16.4,23.549999999999997,Los Angeles,2024
2024-07-28,28.6,14.9,21.75,Los Angeles,2024
2024-07-29,28.4,14.4,21.4,Los Angeles,2024
2024-07-30,29.9,14.3,22.1,Los Angeles,2024
2024-07-31,29.8,14.9,22.35,Los Angeles,2024
2024-08-01,30.4,14.5,22.45,Los Angeles,2024
2024-08-02,33.1,18.1,25.6,Los Angeles,2024
2024-08-03,35.2,17.8,26.5,Los Angeles,2024
2024-08-04,33.7,16.7,25.200000000000003,Los Angeles,2024
2024-08-05,36.1,17.9,27.0,Los Angeles,2024
2024-08-06,38.0,17.8,27.9,Los Angeles,2024
2024-08-07,32.7,19.0,25.85,Los Angeles,2024
2024-08-08,30.1,18.2,24.15,Los Angeles,2024
2024-08-09,31.3,16.5,23.9,Los Angeles,2024
2024-08-10,33.9,17.7,25.799999999999997,Los Angeles,2024
2024-08-11,33.9,18.7,26.299999999999997,Los Angeles,2024
2024-08-12,32.2,19.4,25.8,Los Angeles,2024
2024-08-13,32.8,18.1,25.45,Los Angeles,2024
2024-08-14,32.5,17.5,25.0,Los Angeles,2024
2024-08-15,33.3,18.1,25.7,Los Angeles,2024
2024-08-16,33.8,17.7,25.75,Los Angeles,2024
2024-08-17,29.6,18.8,24.200000000000003,Los Angeles,2024
2024-08-18,30.2,16.6,23.4,Los Angeles,2024
2024-08-19,33.5,16.6,25.05,Los Angeles,2024
2024-08-20,37.0,18.0,27.5,Los Angeles,2024
2024-08-21,35.3,17.3,26.299999999999997,Los Angeles,2024
2024-08-22,30.5,18.2,24.35,Los Angeles,2024
2024-08-23,29.0,16.5,22.75,Los Angeles,2024
2024-08-24,28.3,14.9,21.6,Los Angeles,2024
2024-08-25,29.8,16.2,23.0,Los Angeles,2024
2024-08-26,32.8,16.8,24.799999999999997,Los Angeles,2024
2024-08-27,32.3,17.0,24.65,Los Angeles,2024
2024-08-28,29.5,15.7,22.6,Los Angeles,2024
2024-08-29,27.5,14.9,21.2,Los Angeles,2024
2024-08-30,27.1,15.2,21.15,Los Angeles,2024
2024-08-31,30.9,15.6,23.25,Los Angeles,2024
